,batch_size,lr,epochs,activation_fn,optimizer,losses_arr,test_loss,test_accuracy,model,train_loss,valid_loss,valid_accuracy
0,256,0.004,20,GELU(approximate='none'),AdamW,"[(1.9639601178774242, 1.5746885284197933, 44.412607449856736), (1.476533501021371, 1.2992310775612919, 54.91881566380133), (1.249383501570677, 1.1137446634635086, 62.0821394460363), (1.109995544669085, 0.974856710206244, 66.72397325692455), (0.9674101096058282, 0.8673807751824999, 71.25119388729703), (0.8685816933643606, 0.8044125861629715, 73.14231136580706), (0.7475022559894546, 0.6985916617492778, 77.40210124164278), (0.6644814547835398, 0.6948628030852579, 77.21107927411653), (0.5966510389739137, 0.6191049327139868, 80.68767908309455), (0.5245617180338986, 0.5510135279913231, 83.07545367717287), (0.47675170358987007, 0.5538524315771651, 83.85864374403056), (0.40684690352188774, 0.5326840829712614, 84.43170964660936), (0.3782049658256208, 0.4994090778324415, 85.92168099331423), (0.34762268459487905, 0.474044492416646, 86.80038204393506), (0.31609841147841733, 0.4488088958641406, 87.87010506208213), (0.3101650619539362, 0.5242217785991024, 86.70487106017191), (0.2787871681261518, 0.47336289813206556, 88.00382043935052), (0.18647748998697913, 0.4351627015224956, 89.5702005730659), (0.13853345927323685, 0.4043055226320068, 90.00955109837632), (0.11186985443632079, 0.4484996824801936, 90.39159503342884)]",0.3471079945746338,91.9053073692249,model_7,0.11186985443632079,0.4484996824801936,90.39159503342884
1,128,0.0025,20,GELU(approximate='none'),AdamW,"[(1.7934252289437662, 1.4833902385423836, 48.02292263610315), (1.3580899666308706, 1.1552622314396652, 60.91690544412608), (1.173312424520516, 1.0837469459149307, 62.75071633237822), (1.0415144870616242, 0.9161582180285522, 68.67239732569246), (0.903484450479484, 0.7831681483568412, 73.73447946513849), (0.7914989895514869, 0.7229701753218285, 75.54918815663801), (0.6842933607133966, 0.6862547097939361, 77.95606494746896), (0.613410087038355, 0.6072738758586311, 80.82139446036294), (0.5311640301025581, 0.5659965737842899, 82.59789875835722), (0.46141105491175005, 0.515340153342104, 84.58452722063036), (0.42643960582933516, 0.5257990565773637, 84.3170964660936), (0.3829307701805604, 0.4785099337640669, 86.3992359121299), (0.3454089481980218, 0.5816382657377176, 83.80133715377268), (0.30873046945866917, 0.4593746349713636, 88.06112702960841), (0.2737073482627921, 0.47505912893481106, 88.13753581661891), (0.27060135488295456, 0.4673165269317008, 88.25214899713467), (0.16754922824333668, 0.392031726534296, 90.54441260744986), (0.12528576567464114, 0.40833619757846296, 90.88825214899714), (0.10916301082987415, 0.4177958716408002, 90.94555873925502), (0.0819109998841606, 0.3937169640089288, 91.40401146131805)]",0.36689723125164997,91.71439480717831,model_3,0.0819109998841606,0.3937169640089288,91.40401146131805
2,256,0.0025,20,GELU(approximate='none'),Adam,"[(1.9152224069402781, 1.6265795501392004, 43.801337153772685), (1.4991590781816844, 1.3143757486753271, 55.45367717287488), (1.2493449394114184, 1.1191403571605227, 61.566380133715384), (1.083270684901884, 0.9817015440666687, 66.64756446991404), (0.9539339240999208, 0.8822685561184669, 69.97134670487107), (0.8313483369952172, 0.7883917411737706, 72.9512893982808), (0.7187264492924834, 0.6989587628738928, 76.77172874880611), (0.6149266452028188, 0.5954347137166072, 80.55396370582616), (0.5308196411744309, 0.5790638372686326, 82.10124164278892), (0.45120231852199666, 0.5473825145815254, 83.20916905444126), (0.4031913560864707, 0.48291066862222914, 85.21489971346705), (0.3440319900151652, 0.4633050577005206, 86.70487106017191), (0.3065335185539186, 0.44121712696700294, 87.65998089780325), (0.2550910835490546, 0.45332033592058346, 87.65998089780325), (0.24934649520161045, 0.4191283868969113, 88.48137535816619), (0.20331005372503444, 0.44744623022753505, 89.22636103151862), (0.18287721234161564, 0.43239101910431726, 89.53199617956065), (0.13360950894968895, 0.3983291738183587, 91.04106972301814), (0.08711795821806256, 0.39638591995667366, 91.19388729703915), (0.07326391884973235, 0.4018742101012579, 91.09837631327603)]",0.43811795826675604,91.4471172203131,model_8,0.07326391884973235,0.4018742101012579,91.09837631327603
3,256,0.001,20,GELU(approximate='none'),AdamW,"[(1.9701944398684847, 1.6870790057332605, 41.10792741165234), (1.5810754894787422, 1.412213054313587, 51.7287488061127), (1.3705333469151475, 1.2724226719784304, 56.141356255969434), (1.2056406884108852, 1.1144947706002106, 61.96752626552053), (1.0988170010461327, 1.0284405896292488, 64.66093600764088), (0.990374709509242, 0.911643157248966, 69.01623686723973), (0.8850122013131073, 0.8179102160641434, 73.21872015281757), (0.7847410533242791, 0.732885147666749, 75.70200573065902), (0.6901314986549003, 0.6503986178177703, 79.10219675262655), (0.5985857094846676, 0.6182513932671679, 79.69436485195797), (0.5110861116867274, 0.5422554563883952, 83.47659980897804), (0.41948152240350495, 0.49990866807037687, 85.1766953199618), (0.35538367561233647, 0.4881996335648534, 86.20821394460363), (0.31333469899256916, 0.478451161483639, 86.49474689589303), (0.2621604544566728, 0.4501487904883843, 87.64087870105061), (0.21822038461534257, 0.4344745267029592, 89.11174785100286), (0.19227577994904121, 0.47355158442867973, 88.30945558739255), (0.1732421894263766, 0.4615484834286636, 89.01623686723973), (0.11486028406011782, 0.4320130375588407, 90.4297994269341), (0.08680485347730564, 0.42759635261159457, 90.62082139446036)]",0.4485202320389458,91.4471172203131,model_11,0.08680485347730564,0.42759635261159457,90.62082139446036
4,256,0.0025,20,LeakyReLU(negative_slope=0.01),Adam,"[(1.9579227424806331, 1.6360878131678818, 43.15186246418338), (1.496517175938553, 1.3689848635007682, 52.76026743075454), (1.2521702398284558, 1.096744616735289, 63.03724928366762), (1.0939851603306332, 0.9719068048448936, 66.60936007640879), (0.9939142395692178, 0.8926278727785564, 69.83763132760268), (0.8794976039245054, 0.8653178841701096, 70.98376313276027), (0.7910072711187365, 0.7491665585904089, 74.26934097421204), (0.6963871732057361, 0.6399429899232094, 79.08309455587393), (0.6133454430379777, 0.6150185684419976, 79.69436485195797), (0.5420415094604596, 0.559172561016101, 82.13944603629417), (0.48357057795192826, 0.4872159555796338, 84.14517669531996), (0.4170177132842648, 0.45799634468589606, 86.49474689589303), (0.36974736590014634, 0.45734409876061033, 86.36103151862464), (0.3064510223151554, 0.43326970264244447, 87.774594078319), (0.2877142797632074, 0.4396651774844103, 88.15663801337153), (0.25593321630769345, 0.40431978639353994, 88.99713467048711), (0.24091318210996027, 0.4554922420748553, 88.40496657115568), (0.2207260212932407, 0.41289438779511217, 89.5702005730659), (0.1348471272764232, 0.3919486980042007, 91.04106972301814), (0.1025689778396654, 0.3764065776906246, 91.88156638013372)]",0.45160053877509154,91.17983963344788,model_20,0.1025689778396654,0.3764065776906246,91.88156638013372
5,256,0.0025,20,GELU(approximate='none'),AdamW,"[(1.8758015180707466, 1.5884689081250312, 45.19579751671442), (1.4395148201561234, 1.2952120798706668, 55.6064947468959), (1.201897083356631, 1.076663599610898, 63.018147086915), (1.0785204876070946, 0.9664124443970528, 67.3352435530086), (0.9393987493690658, 0.838926277039955, 71.34670487106017), (0.8128608584501571, 0.7496051943176911, 75.45367717287488), (0.7183227871970298, 0.6471023940311348, 78.81566380133715), (0.6025153622165383, 0.608382641289956, 80.85959885386819), (0.5274977801278701, 0.5810045195969379, 81.96752626552053), (0.45992795719781643, 0.5066469582411485, 84.41260744985674), (0.38641562967801324, 0.47037457220875434, 86.20821394460363), (0.3392154746410141, 0.47784929674584864, 86.30372492836676), (0.28997668708980817, 0.46827186655178454, 86.59025787965616), (0.2793285174682065, 0.4659925405195814, 87.75549188156639), (0.22449901355971744, 0.44416980410942947, 88.51957975167144), (0.2132335179043987, 0.46279579148820843, 87.9083094555874), (0.20136450113167054, 0.4939422938463909, 88.21394460362941), (0.12461863718896413, 0.43434634088559043, 90.35339063992359), (0.09416980213146418, 0.4244659486108432, 90.48710601719198), (0.0789806225826763, 0.4357410012935613, 90.81184336198663)]",0.4266016739795753,91.17983963344788,model_9,0.0789806225826763,0.4357410012935613,90.81184336198663
6,256,0.004,20,GELU(approximate='none'),Adam,"[(2.0467352690312905, 1.7559277065390047, 37.669531996179565), (1.6123744489258667, 1.380347005958885, 51.423113658070676), (1.3320918865516111, 1.199391734770854, 59.19770773638968), (1.1574071873356506, 1.0151777314593253, 65.1766953199618), (1.0334230066646821, 0.9422198952553721, 67.31614135625597), (0.9306501793243387, 0.8599964006127009, 70.85004775549189), (0.8120979643420991, 0.773205333635026, 73.86819484240688), (0.7339668039670583, 0.6879628417940513, 77.80324737344795), (0.6616502281555863, 0.6194238006670131, 80.2101241642789), (0.5697061287624937, 0.5596243686981165, 82.04393505253104), (0.5020454967200837, 0.5500555700536216, 82.4450811843362), (0.45511724374141405, 0.49274734946353843, 84.94746895893027), (0.3974126468039795, 0.5197769708596989, 84.79465138490927), (0.38817497122987066, 0.42538641852316905, 86.9723018147087), (0.33762953283028907, 0.4582401950527854, 87.22063037249283), (0.30760636372911004, 0.4756140807182764, 87.10601719197709), (0.2029264551466191, 0.4048699071664637, 90.0668576886342), (0.15740129848253515, 0.3752368242943298, 90.56351480420248), (0.1380349817018229, 0.40457094636209373, 90.792741165234), (0.11127968324808274, 0.37527699612842474, 91.34670487106017)]",0.3572965324402948,91.10347460862924,model_6,0.11127968324808274,0.37527699612842474,91.34670487106017
7,128,0.0025,20,GELU(approximate='none'),Adam,"[(1.8159208363172628, 1.4382288682085054, 49.72301814708692), (1.3293054636601374, 1.202363542453835, 58.4909264565425), (1.1312374061256607, 1.0255965731547008, 64.79465138490926), (0.9955470755188072, 0.9110325531836567, 68.74880611270297), (0.8776101051476285, 0.8896511157353719, 70.39159503342884), (0.765167519132242, 0.7203942089959794, 76.3323782234957), (0.6709008626690666, 0.666568625428729, 78.7774594078319), (0.5763917461830467, 0.5887580089491669, 81.8720152817574), (0.5067174088483293, 0.5568552052735599, 82.97994269340975), (0.43837221206129, 0.536176964797172, 84.6800382043935), (0.39611862118865426, 0.519977136384678, 85.0429799426934), (0.35504055857495753, 0.48352696010922974, 87.22063037249283), (0.31211522506821854, 0.4618006590671958, 87.81279847182427), (0.291068991512914, 0.49236050948941834, 87.48806112702961), (0.2690146491480394, 0.47067091864068505, 88.08022922636103), (0.1725644384172083, 0.38871700781350377, 90.7163323782235), (0.12789732134358456, 0.41122525929266085, 90.86914995224451), (0.1031987743679368, 0.4101417714112581, 91.07927411652341), (0.07735548205358594, 0.4050789711411612, 91.34670487106017), (0.06392509743632269, 0.3979309271547833, 91.78605539637059)]",0.382835179442165,91.06529209621993,model_2,0.06392509743632269,0.3979309271547833,91.78605539637059
8,128,0.004,20,GELU(approximate='none'),AdamW,"[(1.9357123259014843, 1.6394826020074096, 43.11365807067813), (1.4813321742126757, 1.3514270054918305, 52.09169054441261), (1.2677071358302117, 1.0817506822496794, 62.78892072588348), (1.1205250321436384, 1.039124991604569, 64.5272206303725), (1.0063053701551679, 0.9482390945369898, 68.2712511938873), (0.9148702402394595, 0.843162789579335, 71.76695319961796), (0.8323511489221539, 0.7848968198101295, 74.00191021967527), (0.7591683268449478, 0.6662158007949676, 78.75835721107927), (0.7054844538284031, 0.6399803829511918, 78.91117478510029), (0.6525937051825114, 0.6438242218897472, 79.29321872015281), (0.5963479995434802, 0.5876061078413624, 81.33715377268386), (0.5793245212979726, 0.5696398671172068, 82.69340974212034), (0.552990146903029, 0.5447191963792416, 83.22827125119389), (0.4977301880038289, 0.47255268793165284, 85.44412607449857), (0.48558683864091295, 0.4980806294974534, 85.19579751671442), (0.4679637189744114, 0.5017826536323416, 85.11938872970391), (0.30679349713240933, 0.38537841132399914, 88.76790830945559), (0.22747247948449761, 0.40687645102184844, 89.4937917860554), (0.20445876123350606, 0.36052574084959604, 90.60171919770774), (0.18420424322802242, 0.38926757130604644, 90.5062082139446)]",0.36319502349480637,90.83619702176404,model_1,0.18420424322802242,0.38926757130604644,90.5062082139446
9,128,0.001,20,GELU(approximate='none'),Adam,"[(1.9272985113984404, 1.6219880747362445, 43.075453677172874), (1.521708195167219, 1.3476983943891845, 53.48615090735434), (1.3023255104290024, 1.1342159634447144, 61.661891117478504), (1.1378800476524384, 1.0364043557313702, 65.55873925501433), (1.0071602063094447, 0.9092739090764648, 69.68481375358166), (0.8752199656673864, 0.7814882513672939, 74.44126074498567), (0.7675227588325698, 0.6915448915764846, 77.15377268385865), (0.6584331824997437, 0.646393149265701, 78.72015281757402), (0.5625147411507766, 0.5709542233941662, 82.19675262655205), (0.45323283682741217, 0.5197816072698992, 84.01146131805157), (0.3741008925519243, 0.47780585711414514, 85.84527220630372), (0.34024511537642954, 0.44628396148667976, 87.06781279847182), (0.28282042198096585, 0.4169021938910571, 88.57688634192932), (0.23357236537569054, 0.41193554997444154, 89.14995224450813), (0.23231944456594866, 0.401180571357523, 89.054441260745), (0.18235414988672588, 0.3942047626264002, 89.53199617956065), (0.16185597161397766, 0.41944212246874796, 90.0668576886342), (0.1485791757975236, 0.4264718011775923, 89.5702005730659), (0.09863057379914501, 0.39336591241125163, 90.792741165234), (0.07684783279997427, 0.4025292803815352, 91.17478510028654)]",0.41821893088095696,90.7598319969454,model_4,0.07684783279997427,0.4025292803815352,91.17478510028654
10,128,0.001,20,GELU(approximate='none'),AdamW,"[(1.9025515739198922, 1.6013889266062376, 44.22158548233047), (1.4967376419694491, 1.39579163809105, 51.82425978987584), (1.2654327825764842, 1.1192001527678772, 62.196752626552055), (1.1072957405907395, 1.0007349544177198, 65.90257879656161), (0.9806724845761329, 0.9239860681772459, 68.23304680038204), (0.8775611560276391, 0.78978298779545, 73.94460362941739), (0.7497519247626218, 0.7109078277717233, 76.75262655205348), (0.6566370698374583, 0.6641952003312316, 78.52913085004775), (0.5641674283516847, 0.5929775161638414, 81.41356255969437), (0.47860532696055197, 0.5140546233059684, 84.04966571155683), (0.4003346654695508, 0.4679065741178755, 85.95988538681948), (0.3434849909639131, 0.4541485434503018, 86.9723018147087), (0.2804951893941767, 0.46563069231758375, 86.8958930276982), (0.24608422962737767, 0.42472161656350554, 88.76790830945559), (0.2184576136434875, 0.4096852111554533, 89.45558739255014), (0.17534474131273867, 0.42965924480241485, 89.70391595033429), (0.1641519599750455, 0.3957012571999314, 89.97134670487105), (0.14663796120987746, 0.3868225546655136, 90.7163323782235), (0.12742757477425293, 0.42220780819853715, 90.62082139446036), (0.11765149668082696, 0.4250096002360583, 90.31518624641834)]",0.3922371794563889,90.72164948453609,model_5,0.11765149668082696,0.4250096002360583,90.31518624641834
11,256,0.001,20,LeakyReLU(negative_slope=0.01),AdamW,"[(2.064051618556534, 1.8013833011118936, 35.45367717287488), (1.7033892007088758, 1.512929658652946, 47.029608404966574), (1.4715197924409686, 1.337355737654277, 53.69627507163324), (1.3040094498104808, 1.188066529111853, 59.885386819484246), (1.1775186709134673, 1.1164019920081327, 61.43266475644699), (1.0690282938945506, 1.0087019907938604, 66.6857688634193), (0.9821572630987648, 0.9087439978247955, 70.23877745940783), (0.887369149950972, 0.853317656933749, 71.25119388729703), (0.8112991562416576, 0.7730513202996058, 74.28844317096465), (0.7274824960495245, 0.7050840476408615, 76.46609360076408), (0.6472713532194109, 0.6519137625821796, 79.04489016236867), (0.5940943579751831, 0.6044214991125018, 81.29894937917861), (0.504736777277305, 0.5726759206371982, 82.46418338108883), (0.44575164221969177, 0.5110557231429427, 84.5272206303725), (0.3953364681189252, 0.5247387015944793, 84.5272206303725), (0.3540022075322608, 0.4939837509604329, 86.57115568290354), (0.29499070052398013, 0.4657485489858939, 86.85768863419293), (0.2649494261801812, 0.47984788689936697, 87.25883476599809), (0.23298523120307663, 0.48185613294271706, 87.58357211079274), (0.16131888163976096, 0.4250949576340523, 89.66571155682902)]",0.41290138263017817,90.64528445971744,model_23,0.16131888163976096,0.4250949576340523,89.66571155682902
12,128,0.0025,20,LeakyReLU(negative_slope=0.01),Adam,"[(1.9757918426479844, 1.6834476480055902, 40.9360076408787), (1.5088731903138624, 1.3357248119319636, 53.046800382043934), (1.2895820422192061, 1.152887549008658, 60.61127029608405), (1.1465014203801487, 1.0291759891860692, 63.801337153772685), (1.0427297226501193, 0.9680177835475408, 66.53295128939828), (0.9604384871231745, 0.9215071249258666, 68.08022922636103), (0.8752525828447381, 0.8051890104980615, 72.47373447946514), (0.7978667471939025, 0.7438497203924367, 74.42215854823304), (0.7382241586513442, 0.741194834545212, 74.7468958930277), (0.67667456359525, 0.680169914479242, 77.17287488061127), (0.6261908955105655, 0.6812701908542411, 77.8414517669532), (0.5767968484909766, 0.5965027821439727, 80.63037249283667), (0.5309457061820921, 0.5238783332657108, 83.68672397325693), (0.4782242825932262, 0.5363985084815603, 83.22827125119389), (0.45258803869171976, 0.5167182013549003, 84.25978987583572), (0.4062495166689442, 0.48535636871796967, 85.63514804202484), (0.37132731563397675, 0.48573438909470523, 85.88347659980899), (0.34431014464870807, 0.5260728626333199, 85.5396370582617), (0.24135862657309878, 0.4236379313947137, 89.14995224450813), (0.18763200661495308, 0.4139144634221322, 89.53199617956065)]",0.4108809610958908,90.18709431080565,model_14,0.18763200661495308,0.4139144634221322,89.53199617956065
13,128,0.001,20,LeakyReLU(negative_slope=0.01),AdamW,"[(1.9514578743423316, 1.6318793270171201, 43.41929321872015), (1.4978600327152185, 1.307391728963187, 55.49188156638013), (1.2697584024262787, 1.1431840630292665, 60.286532951289395), (1.1142260260991803, 1.0074307707455916, 65.9789875835721), (1.0158969127269917, 0.9077589427502586, 69.14995224450811), (0.9169858603620594, 0.8671593846996967, 70.08595988538681), (0.8452559074828602, 0.7945623379154442, 73.00859598853869), (0.7436676004346038, 0.7070895031621144, 75.83572110792741), (0.675076215894941, 0.6278893605116559, 79.04489016236867), (0.6046369968397393, 0.6122270291377617, 79.92359121298949), (0.5225423315830152, 0.5342388122562237, 82.99904489016237), (0.4550683388752306, 0.481740967705917, 84.89016236867239), (0.3998009359364945, 0.4907138071121664, 85.44412607449857), (0.35484350948672017, 0.4845243129142717, 86.41833810888252), (0.23842008773008766, 0.4006667612218356, 89.41738299904489), (0.191801821800485, 0.41574815405246296, 89.01623686723973), (0.1621537290295995, 0.3937605243243825, 90.85004775549189), (0.14693019559568793, 0.42027828486737684, 90.0668576886342), (0.1363952685032665, 0.41518812032688657, 90.46800382043935), (0.09598710307564287, 0.37855004806573206, 91.9388729703916)]",0.4188285197133825,89.95799923634975,model_17,0.09598710307564287,0.37855004806573206,91.9388729703916
14,256,0.001,20,GELU(approximate='none'),Adam,"[(1.9836163056075655, 1.7684908973225664, 39.08309455587393), (1.6380399595861708, 1.4954456703027545, 48.67239732569246), (1.418151219252187, 1.282296786198985, 56.29417382999045), (1.2492703887905625, 1.1598475586719021, 60.286532951289395), (1.1299178738028095, 1.0554466965319207, 64.85195797516714), (1.0269557092882602, 0.9624729804459821, 67.39255014326648), (0.922260656125874, 0.8723746785347873, 70.7163323782235), (0.8179127959697666, 0.7893823003245174, 73.92550143266476), (0.7379649262441295, 0.6935213299512636, 77.80324737344795), (0.6266765528128547, 0.6311647580539828, 79.5033428844317), (0.5484554603057539, 0.5754451989956777, 81.92932187201528), (0.4618802262539753, 0.5520036774127964, 83.20916905444126), (0.3987796670108993, 0.47447691488061045, 85.95988538681948), (0.3296555247947594, 0.464469800426944, 86.93409742120343), (0.2745202427720308, 0.4423037263531853, 87.81279847182427), (0.23929598550191516, 0.42711123374380605, 88.32855778414518), (0.2172397389060641, 0.4180733930927976, 89.14995224450813), (0.18303064352249546, 0.4135883023483819, 89.62750716332378), (0.16388869799012865, 0.41718797666067836, 89.74212034383953), (0.13430696876361295, 0.427978130375189, 89.9904489016237)]",0.42579709330830423,89.91981672394044,model_10,0.13430696876361295,0.427978130375189,89.9904489016237
15,128,0.001,20,LeakyReLU(negative_slope=0.01),Adam,"[(1.9041022298183155, 1.662711354062573, 43.61031518624642), (1.4687671434082405, 1.2763889754057614, 56.77172874880612), (1.2549522985312656, 1.2098233943226913, 58.10888252148997), (1.1166838043220697, 1.006227018099915, 65.57784145176694), (1.012437485919968, 0.9060839907943121, 69.53199617956065), (0.9214694625976791, 0.8988611519849061, 69.91404011461319), (0.8295715191842427, 0.8965690533547825, 69.2836676217765), (0.7433372414030776, 0.7404005355343094, 75.24355300859598), (0.6652920130265199, 0.6512475778630721, 78.43361986628462), (0.5857542225543669, 0.599621473592924, 80.47755491881567), (0.5193888032241213, 0.5652270955706964, 81.98662846227316), (0.4337693161219562, 0.5277968450170989, 83.91595033428845), (0.39546515181152425, 0.5203851294437817, 84.46991404011462), (0.3443213211034525, 0.5035808092543593, 85.65425023877746), (0.28844278612452345, 0.4734827041284403, 87.3352435530086), (0.24639380991702842, 0.4687288044516883, 88.04202483285579), (0.22921501479483886, 0.47147205267048153, 87.44985673352436), (0.2089358753543271, 0.46887063622019237, 87.88920725883477), (0.13529129171436513, 0.4390709514604257, 90.18147086914995), (0.09659144376860715, 0.44638897013470685, 90.65902578796562)]",0.49009832597589076,89.91981672394044,model_16,0.09659144376860715,0.44638897013470685,90.65902578796562
16,256,0.001,20,LeakyReLU(negative_slope=0.01),Adam,"[(2.092322280319131, 1.7966007266367974, 36.65711556829036), (1.647374379943858, 1.4903886833755653, 49.03533906399236), (1.4391819931800498, 1.3817971427893798, 53.29512893982808), (1.2907277160061659, 1.1974127648553057, 60.22922636103152), (1.1620015110325521, 1.0661829409649402, 64.01146131805157), (1.07786308583914, 1.0328863256184853, 65.2531041069723), (0.9882036899967376, 0.9504658069514955, 68.02292263610316), (0.9263530210941258, 0.8631591245233159, 70.73543457497613), (0.8444069681616467, 0.8373713579082216, 71.90066857688635), (0.7883102239625679, 0.7498348367476076, 75.24355300859598), (0.7182572475006603, 0.7183851385526466, 75.83572110792741), (0.6421411821754373, 0.6942107305485744, 77.78414517669532), (0.5833168614382308, 0.6037623426064834, 80.64947468958931), (0.5259322015032436, 0.5623790652499158, 82.10124164278892), (0.4562759540676257, 0.5322339035720061, 83.85864374403056), (0.41339613178417106, 0.5182190045130857, 84.85195797516715), (0.36945571337032446, 0.46126063296423714, 86.59025787965616), (0.3261839029424675, 0.5059772710403945, 85.13849092645654), (0.2947719617332313, 0.46803095101627035, 87.10601719197709), (0.20343183446629798, 0.4235342123105396, 88.69149952244508)]",0.40110155754573656,89.8434516991218,model_22,0.20343183446629798,0.4235342123105396,88.69149952244508
17,128,0.004,20,GELU(approximate='none'),Adam,"[(1.8163915007111158, 1.4374609062300485, 49.818529130850045), (1.3717645681896444, 1.2466155135756805, 56.848137535816626), (1.2007211542519833, 1.126577231330653, 60.74498567335244), (1.07284090884223, 0.9828369005589453, 66.74307545367716), (0.959981042619942, 0.9516610935743126, 68.08022922636103), (0.8651020125022201, 0.9328012230744677, 68.88252148997135), (0.8027504542937546, 0.7228411579200394, 75.6829035339064), (0.7029712025628083, 0.7118439760226347, 77.2683858643744), (0.6521100706065336, 0.6795738062749278, 79.08309455587393), (0.6003678976334784, 0.6259469554952587, 80.11461318051576), (0.56667220245442, 0.5840899508684845, 81.91021967526265), (0.5476200625223158, 0.5978975011944885, 81.62368672397325), (0.5028092504555988, 0.6198396066767666, 81.39446036294173), (0.36097056719973825, 0.4546485796300365, 87.0487106017192), (0.2672205461632831, 0.4251675788971392, 88.19484240687679), (0.24096660582788318, 0.4289259007746761, 88.65329512893982), (0.20748968954300978, 0.4127718796247284, 89.4937917860554), (0.18841268851194343, 0.425349856464774, 89.26456542502387), (0.18269115483482326, 0.42104682946273453, 90.14326647564471), (0.12467738841435431, 0.4179141137410941, 90.94555873925502)]",0.4175768783468925,89.46162657502865,model_0,0.12467738841435431,0.4179141137410941,90.94555873925502
18,256,0.0025,20,LeakyReLU(negative_slope=0.01),AdamW,"[(2.0246811528615702, 1.6907894987317644, 40.649474689589304), (1.521484828014816, 1.2991890844893432, 55.816618911174785), (1.2705890679457015, 1.1072351030087402, 62.196752626552055), (1.123541883862848, 1.0286884151420483, 65.08118433619866), (1.0019739212508416, 0.9688069279123286, 67.3352435530086), (0.9243528250164745, 0.86011260375594, 71.02196752626551), (0.8362986463966994, 0.7943789576504953, 73.63896848137536), (0.7566278023446565, 0.7061695848631654, 76.79083094555874), (0.68060123247144, 0.681750070183416, 77.15377268385865), (0.6153929112390152, 0.644539450597171, 78.8538681948424), (0.5542263446758421, 0.6147159483735632, 80.30563514804201), (0.4918420278033976, 0.5695663906214002, 82.1585482330468), (0.4364993162012035, 0.5110888378724897, 84.33619866284623), (0.38721982034459446, 0.5080705941008065, 84.3170964660936), (0.35009190182406125, 0.4772958997669056, 86.15090735434575), (0.31780576656329845, 0.4834214580434783, 86.81948424068769), (0.2718799726976054, 0.4677748437141848, 87.6981852913085), (0.28571750297552895, 0.47890609690658004, 86.9149952244508), (0.23754630413582348, 0.44895540348324414, 88.48137535816619), (0.21884785835772225, 0.4544806727821073, 88.6341929321872)]",0.41082092604140097,89.23253150057275,model_21,0.21884785835772225,0.4544806727821073,88.6341929321872
19,128,0.0025,20,LeakyReLU(negative_slope=0.01),AdamW,"[(1.9918141761548198, 1.845835684750802, 33.86819484240688), (1.5178392687468378, 1.327444606820173, 55.47277936962751), (1.26341243022786, 1.1683073777068538, 59.57975167144222), (1.121519723088159, 1.025692080722725, 64.64183381088824), (0.996995307483582, 0.8805889691755446, 70.2769818529131), (0.8927069494506347, 0.8609127168896774, 71.80515759312321), (0.8255636210786369, 0.7901000361274056, 73.40974212034384), (0.7413976086373218, 0.6881297017236835, 76.6189111747851), (0.6677802087405206, 0.6581073523706329, 77.89875835721108), (0.6013045022497399, 0.60632247750602, 80.5730659025788), (0.5420969478365181, 0.5970822638631892, 81.24164278892071), (0.48894235318224233, 0.527685599306593, 83.61031518624642), (0.44329490594128795, 0.49934519910197545, 84.33619866284623), (0.3979967631226835, 0.4562500064500537, 86.28462273161414), (0.35730952286460066, 0.4819876335297979, 86.07449856733524), (0.34569198636045884, 0.49193928552561983, 86.57115568290354), (0.23162084722746606, 0.4024379310999582, 89.66571155682902), (0.1799222566266665, 0.39886106850993897, 90.10506208213944), (0.16456531703553454, 0.4267577412419925, 89.76122254059217), (0.14812150626398857, 0.4149275219201358, 90.25787965616045)]",0.44070560104203343,89.1561664757541,model_15,0.14812150626398857,0.4149275219201358,90.25787965616045
20,256,0.004,20,LeakyReLU(negative_slope=0.01),Adam,"[(2.0557376826964164, 1.7955866413562778, 35.05253104106972), (1.7010398352975573, 1.4540810646960707, 48.86341929321872), (1.4433566023968414, 1.2871247684147205, 55.186246418338115), (1.3051654939729553, 1.1971342753771952, 57.89875835721108), (1.1933225405395111, 1.1358650580062792, 60.3629417382999), (1.1012909125371, 1.0469974178297814, 63.91595033428844), (1.0231433449337948, 0.9378428473855158, 68.61509073543456), (0.944971325283649, 0.89397423653343, 69.207258834766), (0.8859057894019768, 0.840159101256213, 71.61413562559694), (0.8126678547722581, 0.7664444490285179, 73.71537726838586), (0.7629926970906017, 0.7369770106294663, 75.396370582617), (0.69183854521378, 0.6702075097030304, 78.24259789875836), (0.6390123840113454, 0.6392959904761801, 78.6246418338109), (0.5787807544777208, 0.6083215557287849, 80.63037249283667), (0.5465103177126563, 0.5944319934990709, 80.95510983763133), (0.5317539663334335, 0.5515415889258143, 82.3686723973257), (0.48790738743942075, 0.5524231006160962, 82.71251193887296), (0.44513673841221435, 0.5652842148384142, 82.57879656160458), (0.3470294964085822, 0.44319255489503756, 87.14422158548233), (0.2767155420064601, 0.42248429700433354, 88.32855778414518)]",0.45054630471486634,88.85070637647956,model_18,0.2767155420064601,0.42248429700433354,88.32855778414518
21,256,0.004,20,LeakyReLU(negative_slope=0.01),AdamW,"[(2.0557344271541456, 1.7439350192845153, 38.45272206303725), (1.6221210472905783, 1.3790263289594604, 52.645654250238785), (1.3880548007816766, 1.205544055248286, 58.87297039159504), (1.227700739869642, 1.0648735158878389, 63.28557784145177), (1.1062658587451846, 1.0502332274073516, 63.87774594078319), (1.0245749996986753, 0.9315356292606197, 67.58357211079274), (0.9360610100647274, 0.9073631518663626, 69.05444126074498), (0.8733704945237705, 0.8043903773926276, 72.5883476599809), (0.8156024336424563, 0.7364502968510334, 75.10983763132761), (0.7421142723745734, 0.7442840754018016, 75.79751671442216), (0.6903905317695535, 0.6959724185915367, 76.981852913085), (0.6168068967542089, 0.6386354253763455, 79.52244508118433), (0.5679298286581105, 0.5939511522067197, 81.08882521489971), (0.5408643634517717, 0.6541044225323849, 79.69436485195797), (0.4936423868827247, 0.5762504153743514, 82.02483285577841), (0.450163713705003, 0.5503817279108844, 83.76313276026744), (0.4242928661103138, 0.5267332134980072, 84.01146131805157), (0.37498557337959987, 0.5432669419044523, 84.50811843361986), (0.3555101767373443, 0.5310067728005257, 84.3170964660936), (0.2653448100207122, 0.45505072631034377, 87.71728748806112)]",0.47137852058059254,87.62886597938144,model_19,0.2653448100207122,0.45505072631034377,87.71728748806112
22,128,0.004,20,LeakyReLU(negative_slope=0.01),Adam,"[(2.082473299708243, 1.781233909296329, 36.809933142311365), (1.6800855895051527, 1.5227956985220412, 47.029608404966574), (1.4781452756494, 1.4343935211841106, 50.735434574976125), (1.3436403475354184, 1.259187736802707, 57.1919770773639), (1.284644366000229, 1.16076857419729, 60.84049665711557), (1.218451119757284, 1.138432896057537, 60.17191977077364), (1.1417560807484397, 1.2093087125530444, 59.44603629417383), (1.1123627089705994, 0.9969427127551213, 66.7621776504298), (1.0510709886433809, 0.937955455247174, 68.13753581661891), (0.9912172252354485, 0.9080993821195112, 69.45558739255014), (0.9375777893404681, 0.882914462938919, 69.74212034383955), (0.903093555555825, 0.8917687211701613, 70.8691499522445), (0.8796898774723402, 0.8020036632033223, 73.58166189111748), (0.828813553058109, 0.7805859282456246, 74.72779369627507), (0.8079184389764908, 0.7652744939470701, 75.66380133715377), (0.7747981086271684, 0.7769502767177571, 75.0334288443171), (0.7294444639913708, 0.6810150059724606, 77.93696275071633), (0.7103204261134461, 0.7155187374085843, 77.24928366762178), (0.6855845019339214, 0.692742915447257, 78.24259789875836), (0.5686382557230139, 0.6016313599424353, 81.70009551098376)]",0.5900382134763281,81.7487590683467,model_12,0.5686382557230139,0.6016313599424353,81.70009551098376
23,128,0.004,20,LeakyReLU(negative_slope=0.01),AdamW,"[(2.011433310690876, 1.7581004083327372, 37.02005730659026), (1.6024014236624537, 1.5574361118227387, 48.328557784145175), (1.3747956936160994, 1.2409247035169555, 57.89875835721108), (1.224892450920719, 1.0997714203203306, 62.54059216809933), (1.1180756336800235, 1.0492483052506032, 64.56542502387774), (1.0499068417815849, 1.00747530250859, 64.603629417383), (0.9878893767892908, 0.9393945748849266, 68.13753581661891), (0.9285796115245533, 0.9391838108457148, 68.61509073543456), (0.8846407704463922, 0.8300973621913105, 72.34001910219675), (0.83712675510292, 0.8729944363592234, 70.98376313276027), (0.7787193883359839, 0.7564668508063301, 74.42215854823304), (0.7529704184649261, 0.7674437767796667, 74.68958930276982), (0.6820528883628273, 0.6905823470983715, 77.30659025787966), (0.6835776895325311, 0.715520773291474, 76.86723973256925), (0.6436282472623485, 0.6412458193564028, 79.71346704871061), (0.601727268648668, 0.6536829927247712, 79.1404011461318), (0.5749126503900162, 0.5961932638199304, 81.39446036294173), (0.5319442312795502, 0.6797512119342399, 79.31232091690545), (0.5486377496576245, 0.561810105942268, 82.46418338108883), (0.5118842454756753, 0.5684110451678264, 83.47659980897804)]",0.6260492687190748,80.03054600992745,model_13,0.5118842454756753,0.5684110451678264,83.47659980897804
